{"revenue_data":[],"total_revenue":0,"expenses_data":[],"expenses_by_category":[],"total_expenses":0,"net_profit":0,"occupancy_data":{"total_bookings":0,"active_bookings":null,"completed_bookings":null},"rooms_data":[{"room_number":"301","room_type":"\u0633\u0631\u064a\u0631 \u0639\u0627\u0626\u0644\u064a","booking_count":0,"room_revenue":null},{"room_number":"302","room_type":"\u0633\u0631\u064a\u0631 \u0641\u0631\u062f\u064a","booking_count":0,"room_revenue":null},{"room_number":"303","room_type":"\u0633\u0631\u064a\u0631 \u0641\u0631\u062f\u064a","booking_count":0,"room_revenue":null},{"room_number":"304","room_type":"\u0633\u0631\u064a\u0631 \u0641\u0631\u062f\u064a ","booking_count":0,"room_revenue":null},{"room_number":"401","room_type":"\u0633\u0631\u064a\u0631 \u0641\u0631\u062f\u064a","booking_count":0,"room_revenue":null},{"room_number":"402","room_type":"\u0633\u0631\u064a\u0631 \u0641\u0631\u062f\u064a ","booking_count":0,"room_revenue":null},{"room_number":"403","room_type":"\u0633\u0631\u064a\u0631 \u0641\u0631\u062f\u064a","booking_count":0,"room_revenue":null},{"room_number":"404","room_type":"\u0633\u0631\u064a\u0631 \u0641\u0631\u062f\u064a ","booking_count":0,"room_revenue":null},{"room_number":"101","room_type":"\u0633\u0631\u064a\u0631 \u0639\u0627\u0626\u0644\u064a","booking_count":0,"room_revenue":null},{"room_number":"501","room_type":"\u0633\u0631\u064a\u0631 \u0641\u0631\u062f\u064a","booking_count":0,"room_revenue":null},{"room_number":"102","room_type":"\u0633\u0631\u064a\u0631 \u0639\u0627\u0626\u0644\u064a","booking_count":0,"room_revenue":null},{"room_number":"502","room_type":"\u0633\u0631\u064a\u0631 \u0641\u0631\u062f\u064a ","booking_count":0,"room_revenue":null},{"room_number":"103","room_type":"\u0633\u0631\u064a\u0631 \u0639\u0627\u0626\u0644\u064a","booking_count":0,"room_revenue":null},{"room_number":"104","room_type":"\u0633\u0631\u064a\u0631 \u0641\u0631\u062f\u064a ","booking_count":0,"room_revenue":null},{"room_number":"201","room_type":"\u0633\u0631\u064a\u0631 \u0641\u0631\u062f\u064a","booking_count":0,"room_revenue":null},{"room_number":"202","room_type":"\u0633\u0631\u064a\u0631 \u0639\u0627\u0626\u0644\u064a","booking_count":0,"room_revenue":null},{"room_number":"203","room_type":"\u0633\u0631\u064a\u0631 \u0639\u0627\u0626\u0644\u064a","booking_count":0,"room_revenue":null},{"room_number":"204","room_type":"\u0633\u0631\u064a\u0631 \u0641\u0631\u062f\u064a ","booking_count":0,"room_revenue":null}],"withdrawals_data":[],"total_withdrawals":0,"generated_at":"2025-07-02 00:53:04"}