{"revenue_data":[{"date":"2025-07-05","total_revenue":"2000.00"},{"date":"2025-07-06","total_revenue":"4000.00"}],"total_revenue":6000,"expenses_data":[],"expenses_by_category":[],"total_expenses":0,"net_profit":6000,"occupancy_data":{"total_bookings":2,"active_bookings":"2","completed_bookings":"0"},"rooms_data":[{"room_number":"102","room_type":"\u0633\u0631\u064a\u0631 \u0639\u0627\u0626\u0644\u064a","booking_count":5,"room_revenue":"6000.00"},{"room_number":"104","room_type":"\u0633\u0631\u064a\u0631 \u0639\u0627\u0626\u0644\u064a","booking_count":0,"room_revenue":null},{"room_number":"201","room_type":"\u0633\u0631\u064a\u0631 \u0641\u0631\u062f\u064a","booking_count":0,"room_revenue":null},{"room_number":"202","room_type":"\u0633\u0631\u064a\u0631 \u0639\u0627\u0626\u0644\u064a","booking_count":0,"room_revenue":null},{"room_number":"203","room_type":"\u0633\u0631\u064a\u0631 \u0639\u0627\u0626\u0644\u064a","booking_count":0,"room_revenue":null},{"room_number":"204","room_type":"\u0633\u0631\u064a\u0631 \u0639\u0627\u0626\u0644\u064a","booking_count":0,"room_revenue":null},{"room_number":"301","room_type":"\u0633\u0631\u064a\u0631 \u0639\u0627\u0626\u0644\u064a","booking_count":0,"room_revenue":null},{"room_number":"302","room_type":"\u0633\u0631\u064a\u0631 \u0641\u0631\u062f\u064a","booking_count":0,"room_revenue":null},{"room_number":"304","room_type":"\u0633\u0631\u064a\u0631 \u0641\u0631\u062f\u064a ","booking_count":0,"room_revenue":null},{"room_number":"401","room_type":"\u0633\u0631\u064a\u0631 \u0641\u0631\u062f\u064a","booking_count":0,"room_revenue":null},{"room_number":"402","room_type":"\u0633\u0631\u064a\u0631 \u0639\u0627\u0626\u0644\u064a","booking_count":0,"room_revenue":null},{"room_number":"403","room_type":"\u0633\u0631\u064a\u0631 \u0641\u0631\u062f\u064a","booking_count":0,"room_revenue":null},{"room_number":"404","room_type":"\u0633\u0631\u064a\u0631 \u0641\u0631\u062f\u064a ","booking_count":0,"room_revenue":null},{"room_number":"501","room_type":"\u0633\u0631\u064a\u0631 \u0641\u0631\u062f\u064a","booking_count":0,"room_revenue":null},{"room_number":"303","room_type":"\u0633\u0631\u064a\u0631 \u0641\u0631\u062f\u064a","booking_count":1,"room_revenue":null},{"room_number":"502","room_type":"\u0633\u0631\u064a\u0631 \u0641\u0631\u062f\u064a ","booking_count":0,"room_revenue":null},{"room_number":"101","room_type":"\u0633\u0631\u064a\u0631 \u0639\u0627\u0626\u0644\u064a","booking_count":0,"room_revenue":null},{"room_number":"103","room_type":"\u0633\u0631\u064a\u0631 \u0639\u0627\u0626\u0644\u064a","booking_count":0,"room_revenue":null}],"withdrawals_data":[{"employee_name":"\u0645\u062d\u0645\u062f \u0627\u062d\u0645\u062f","total_withdrawals":"5000.00"}],"total_withdrawals":5000,"generated_at":"2025-07-08 01:23:07"}